47,ExteriorColor,5,0,0,Exterior Color,eyJrZXlDb250ZXh0Ijp7IktleUFsaWFzTGlzdCI6W3siS2V5QWxpYXNOYW1lIjoiRXh0ZXJpb3IgQ29sb3IiLCJMYW5ndWFnZSI6ImVuIn1dfX0=,0,0
48,InteriorColor,5,0,0,Interior Color,eyJrZXlDb250ZXh0Ijp7IktleUFsaWFzTGlzdCI6W3siS2V5QWxpYXNOYW1lIjoiSW50ZXJpb3IgQ29sb3IiLCJMYW5ndWFnZSI6ImVuIn1dfX0=,0,0
49,Page Number,4,0,0,,eyJrZXlDb250ZXh0Ijp7IktleUFsaWFzTGlzdCI6W3siS2V5QWxpYXNOYW1lIjoiUGFnZSAjOiIsIkxhbmd1YWdlIjoiZW4ifV19fQ==,0,0
50,JobDescription,5,0,0,Job Description,eyJrZXlDb250ZXh0Ijp7IktleUFsaWFzTGlzdCI6W3siS2V5QWxpYXNOYW1lIjoiSm9iIERlc2NyaXB0aW9uIiwiTGFuZ3VhZ2UiOiJlbiJ9XX19,0,0
51,SBCess,4,0,0,Swachh Bharat Cess,eyJrZXlDb250ZXh0Ijp7IktleUFsaWFzTGlzdCI6W3siS2V5QWxpYXNOYW1lIjoiU0IgQ2VzcyBvbiBUYXhhYmxlIFZhbHVlIFtCXSIsIkxhbmd1YWdlIjoiZW4ifSx7IktleUFsaWFzTmFtZSI6IlNlcnZpY2UgVGF4IG9uIFRheGFibGUgVmFsdWUgW0JdIiwiTGFuZ3VhZ2UiOiJlbiJ9LHsiS2V5QWxpYXNOYW1lIjoiU0IgQ2VzcyBsZXZpZWQgYnkgVmVuZG9yIFtBXSIsIkxhbmd1YWdlIjoiZW4ifV19fQ==,0,0
52,InvoiceNumber,4,1,0,Invoice Number,eyJrZXlDb250ZXh0Ijp7IktleUFsaWFzTGlzdCI6W3siS2V5QWxpYXNOYW1lIjoiSW52IE5vIyIsIkxhbmd1YWdlIjoiZW4ifSx7IktleUFsaWFzTmFtZSI6Ikludm9pY2UgTnVtYmVyOiIsIkxhbmd1YWdlIjoiZW4ifSx7IktleUFsaWFzTmFtZSI6Ikludm9pY2UgIyIsIkxhbmd1YWdlIjoiZW4ifSx7IktleUFsaWFzTmFtZSI6Ikludm9pY2UgTnVtYmVyIiwiTGFuZ3VhZ2UiOiJlbiJ9LHsiS2V5QWxpYXNOYW1lIjoiVEFYIElOVk9JQ0UgTlVNQkVSIiwiTGFuZ3VhZ2UiOiJlbiJ9LHsiS2V5QWxpYXNOYW1lIjoiSW52IE5vICM6IiwiTGFuZ3VhZ2UiOiJlbiJ9LHsiS2V5QWxpYXNOYW1lIjoiSW52IE5pICM6IiwiTGFuZ3VhZ2UiOiJlbiJ9XX19,0,0
53,Fax,4,0,0,FaxNo,eyJrZXlDb250ZXh0Ijp7IktleUFsaWFzTGlzdCI6W3siS2V5QWxpYXNOYW1lIjoiRmF4IiwiTGFuZ3VhZ2UiOiJlbiJ9XX19,0,0
54,Total,4,1,0,Grand Total,eyJrZXlDb250ZXh0Ijp7IktleUFsaWFzTGlzdCI6W3siS2V5QWxpYXNOYW1lIjoiVG90YWwgQ29zdCIsIkxhbmd1YWdlIjoiZW4ifSx7IktleUFsaWFzTmFtZSI6IlRPVEFMIElOQyBHU1Q6IiwiTGFuZ3VhZ2UiOiJlbiJ9LHsiS2V5QWxpYXNOYW1lIjoiVG90YWwiLCJMYW5ndWFnZSI6ImVuIn0seyJLZXlBbGlhc05hbWUiOiJJTlZPSUNFIFRPVEFMIElOQ0xVRElORyBHU1QiLCJMYW5ndWFnZSI6ImVuIn0seyJLZXlBbGlhc05hbWUiOiJUb3RhbCBJbnZvaWNlIFZhbHVlIChScy4pIiwiTGFuZ3VhZ2UiOiJlbiJ9XX19,0,0
55,Address,5,0,0,,eyJrZXlDb250ZXh0Ijp7IktleUFsaWFzTGlzdCI6W3siS2V5QWxpYXNOYW1lIjoiT2ZmaWNlIiwiTGFuZ3VhZ2UiOiJlbiJ9LHsiS2V5QWxpYXNOYW1lIjoiQWRkcmVzcyIsIkxhbmd1YWdlIjoiZW4ifV19fQ==,0,0
56,WorkSite,5,0,0,Work Site,eyJrZXlDb250ZXh0Ijp7IktleUFsaWFzTGlzdCI6W3siS2V5QWxpYXNOYW1lIjoiV29yayBTaXRlIiwiTGFuZ3VhZ2UiOiJlbiJ9XX19,0,0
57,SalesPerson,5,0,0,,e30=,0,0
58,Brand,5,0,0,Brand,eyJrZXlDb250ZXh0Ijp7IktleUFsaWFzTGlzdCI6W3siS2V5QWxpYXNOYW1lIjoiQnJhbmQiLCJMYW5ndWFnZSI6ImVuIn1dfX0=,0,0
59,Website,5,0,0,Website Address,eyJrZXlDb250ZXh0Ijp7IktleUFsaWFzTGlzdCI6W3siS2V5QWxpYXNOYW1lIjoiV2Vic2l0ZSIsIkxhbmd1YWdlIjoiZW4ifV19fQ==,0,0
60,EmailAddress,5,0,0,Email address,eyJrZXlDb250ZXh0Ijp7IktleUFsaWFzTGlzdCI6W3siS2V5QWxpYXNOYW1lIjoiQVRUT1JORVkiLCJMYW5ndWFnZSI6ImVuIn0seyJLZXlBbGlhc05hbWUiOiJFbWFpbCIsIkxhbmd1YWdlIjoiZW4ifV19fQ==,0,0
61,MatterNumber,5,0,0,Matter Number,eyJrZXlDb250ZXh0Ijp7IktleUFsaWFzTGlzdCI6W3siS2V5QWxpYXNOYW1lIjoiTWF0dGVyIE51bWJlciIsIkxhbmd1YWdlIjoiZW4ifSx7IktleUFsaWFzTmFtZSI6Ik1hdHRlciBOdW1iZXI6IiwiTGFuZ3VhZ2UiOiJlbiJ9XX19,0,0
62,RegdOffice,5,0,0,Regd Office,eyJrZXlDb250ZXh0Ijp7IktleUFsaWFzTGlzdCI6W3siS2V5QWxpYXNOYW1lIjoiUmVnZC4gT2ZmaWNlIiwiTGFuZ3VhZ2UiOiJlbiJ9XX19,0,0
63,Terms,5,0,0,Payment Terms,eyJrZXlDb250ZXh0Ijp7IktleUFsaWFzTGlzdCI6W3siS2V5QWxpYXNOYW1lIjoiVGVybXMiLCJMYW5ndWFnZSI6ImVuIn0seyJLZXlBbGlhc05hbWUiOiJQYXltZW50IFRlcm1zIiwiTGFuZ3VhZ2UiOiJlbiJ9XX19,0,0
64,EstNo,4,0,0,Est No,eyJrZXlDb250ZXh0Ijp7IktleUFsaWFzTGlzdCI6W3siS2V5QWxpYXNOYW1lIjoiRXN0IE5vIiwiTGFuZ3VhZ2UiOiJlbiJ9LHsiS2V5QWxpYXNOYW1lIjoiRXN0IE5pOiIsIkxhbmd1YWdlIjoiZW4ifV19fQ==,0,0
65,EstDate,4,0,0,Est Date,eyJrZXlDb250ZXh0Ijp7IktleUFsaWFzTGlzdCI6W3siS2V5QWxpYXNOYW1lIjoiRXN0IERhdGUiLCJMYW5ndWFnZSI6ImVuIn0seyJLZXlBbGlhc05hbWUiOiJFc3QgRGF0ZToiLCJMYW5ndWFnZSI6ImVuIn1dfX0=,0,0
66,CampaignName,5,0,0,Campaign Name,eyJrZXlDb250ZXh0Ijp7IktleUFsaWFzTGlzdCI6W3siS2V5QWxpYXNOYW1lIjoiQ2FtcGFpZ24gTmFtZSIsIkxhbmd1YWdlIjoiZW4ifV19fQ==,0,0
67,ServiceTax,4,0,0,Service Tax,eyJrZXlDb250ZXh0Ijp7IktleUFsaWFzTGlzdCI6W3siS2V5QWxpYXNOYW1lIjoiU2VydmljZSBUYXggbGV2aWVkIGJ5IFZlbmRvciBbQV0iLCJMYW5ndWFnZSI6ImVuIn1dfX0=,0,0
68,AgencyCommission,4,0,0,Agency Commission,eyJrZXlDb250ZXh0Ijp7IktleUFsaWFzTGlzdCI6W3siS2V5QWxpYXNOYW1lIjoiQWdlbmN5IENvbW1pc3Npb24iLCJMYW5ndWFnZSI6ImVuIn1dfX0=,0,0
69,BeneficiaryName,5,0,0,Beneficiary Name,eyJrZXlDb250ZXh0Ijp7IktleUFsaWFzTGlzdCI6W3siS2V5QWxpYXNOYW1lIjoiQmVuZWZpY2lhcnkgTmFtZSIsIkxhbmd1YWdlIjoiZW4ifV19fQ==,0,0
70,Sub Brand,5,0,0,,eyJrZXlDb250ZXh0Ijp7IktleUFsaWFzTGlzdCI6W3siS2V5QWxpYXNOYW1lIjoiU3ViIEJyYW5kIiwiTGFuZ3VhZ2UiOiJlbiJ9XX19,0,0
71,PANNo,4,0,0,PAN NO,eyJrZXlDb250ZXh0Ijp7IktleUFsaWFzTGlzdCI6W3siS2V5QWxpYXNOYW1lIjoiUEFOIE5POiIsIkxhbmd1YWdlIjoiZW4ifV19fQ==,0,0
72,Credit,5,0,0,Credit,eyJrZXlDb250ZXh0Ijp7IktleUFsaWFzTGlzdCI6W3siS2V5QWxpYXNOYW1lIjoiQ3JlZGl0IiwiTGFuZ3VhZ2UiOiJlbiJ9XX19,0,0
73,CINNo,4,0,0,CIN No,eyJrZXlDb250ZXh0Ijp7IktleUFsaWFzTGlzdCI6W3siS2V5QWxpYXNOYW1lIjoiQ0lOIE5vOiIsIkxhbmd1YWdlIjoiZW4ifV19fQ==,0,0
74,SwiftCode,4,0,1,Swift Code,eyJrZXlDb250ZXh0Ijp7IktleUFsaWFzTGlzdCI6W3siS2V5QWxpYXNOYW1lIjoiU3dpZnQgQ29kZSIsIkxhbmd1YWdlIjoiZW4ifV19fQ==,0,0
75,CustName,5,0,1,,eyJrZXlDb250ZXh0Ijp7IktleUFsaWFzTGlzdCI6W3siS2V5QWxpYXNOYW1lIjoiVG86IiwiTGFuZ3VhZ2UiOiJlbiJ9LHsiS2V5QWxpYXNOYW1lIjoiQ2xpZW50IiwiTGFuZ3VhZ2UiOiJlbiJ9LHsiS2V5QWxpYXNOYW1lIjoiQ3VzdG9tZXIgTmFtZSIsIkxhbmd1YWdlIjoiZW4ifV19fQ==,0,0
76,Telephone,4,0,0,Telephone,eyJrZXlDb250ZXh0Ijp7IktleUFsaWFzTGlzdCI6W3siS2V5QWxpYXNOYW1lIjoiVGVsIiwiTGFuZ3VhZ2UiOiJlbiJ9LHsiS2V5QWxpYXNOYW1lIjoiVGVsZXBob25lIiwiTGFuZ3VhZ2UiOiJlbiJ9XX19,0,0
77,BankName,5,0,0,Bank Name,eyJrZXlDb250ZXh0Ijp7IktleUFsaWFzTGlzdCI6W3siS2V5QWxpYXNOYW1lIjoiQkFOSyBOYW1lOiIsIkxhbmd1YWdlIjoiZW4ifSx7IktleUFsaWFzTmFtZSI6IkJhbmsiLCJMYW5ndWFnZSI6ImVuIn1dfX0=,0,0
78,Price,4,0,0,Price,eyJrZXlDb250ZXh0Ijp7IktleUFsaWFzTGlzdCI6W3siS2V5QWxpYXNOYW1lIjoiUHJpY2UiLCJMYW5ndWFnZSI6ImVuIn1dfX0=,0,0
79,Qty,4,0,0,Quantity,eyJrZXlDb250ZXh0Ijp7IktleUFsaWFzTGlzdCI6W3siS2V5QWxpYXNOYW1lIjoiUXR5IiwiTGFuZ3VhZ2UiOiJlbiJ9XX19,0,0
80,Description,5,0,0,Description,eyJrZXlDb250ZXh0Ijp7IktleUFsaWFzTGlzdCI6W3siS2V5QWxpYXNOYW1lIjoiRGVzY3JpcHRpb24iLCJMYW5ndWFnZSI6ImVuIn1dfX0=,0,0
81,GLCode,4,0,0,GL Code,eyJrZXlDb250ZXh0Ijp7IktleUFsaWFzTGlzdCI6W3siS2V5QWxpYXNOYW1lIjoiR0wgQ29kZSAvIEl0ZW0iLCJMYW5ndWFnZSI6ImVuIn1dfX0=,0,0
82,SoldTo,5,0,0,Sold To,eyJrZXlDb250ZXh0Ijp7IktleUFsaWFzTGlzdCI6W3siS2V5QWxpYXNOYW1lIjoiU29sZCBUbyIsIkxhbmd1YWdlIjoiZW4ifV19fQ==,0,0
83,ABN,5,0,0,ABN number,eyJrZXlDb250ZXh0Ijp7IktleUFsaWFzTGlzdCI6W3siS2V5QWxpYXNOYW1lIjoiQUJOIiwiTGFuZ3VhZ2UiOiJlbiJ9XX19,0,0
84,Phone,4,0,0,Phone no,eyJrZXlDb250ZXh0Ijp7IktleUFsaWFzTGlzdCI6W3siS2V5QWxpYXNOYW1lIjoiUGhvbmUiLCJMYW5ndWFnZSI6ImVuIn1dfX0=,0,0
85,Regarding,5,0,0,Regarding,eyJrZXlDb250ZXh0Ijp7IktleUFsaWFzTGlzdCI6W3siS2V5QWxpYXNOYW1lIjoiUmVnYXJkaW5nIiwiTGFuZ3VhZ2UiOiJlbiJ9LHsiS2V5QWxpYXNOYW1lIjoiUkU6IiwiTGFuZ3VhZ2UiOiJlbiJ9XX19,0,0
86,RequestingManager,5,0,0,Requesting Manager,eyJrZXlDb250ZXh0Ijp7IktleUFsaWFzTGlzdCI6W3siS2V5QWxpYXNOYW1lIjoiUmVxdWVzdGluZyBNYW5hZ2VyIiwiTGFuZ3VhZ2UiOiJlbiJ9XX19,0,0
87,InvoiceDate,4,0,0,Invoice Date,eyJrZXlDb250ZXh0Ijp7IktleUFsaWFzTGlzdCI6W3siS2V5QWxpYXNOYW1lIjoiSW52IERhdGUiLCJMYW5ndWFnZSI6ImVuIn0seyJLZXlBbGlhc05hbWUiOiJEYXRlIiwiTGFuZ3VhZ2UiOiJlbiJ9LHsiS2V5QWxpYXNOYW1lIjoiSU5WT0lDRSBEQVRFIiwiTGFuZ3VhZ2UiOiJlbiJ9XX19,0,0
88,DueDate,4,0,0,Due Date,eyJrZXlDb250ZXh0Ijp7IktleUFsaWFzTGlzdCI6W3siS2V5QWxpYXNOYW1lIjoiRFVFIERBVEUiLCJMYW5ndWFnZSI6ImVuIn1dfX0=,0,0
89,AccNo,4,0,0,Account Number,eyJrZXlDb250ZXh0Ijp7IktleUFsaWFzTGlzdCI6W3siS2V5QWxpYXNOYW1lIjoiQWNjb3VudCBObzoiLCJMYW5ndWFnZSI6ImVuIn0seyJLZXlBbGlhc05hbWUiOiJBY2NvdW50IiwiTGFuZ3VhZ2UiOiJlbiJ9LHsiS2V5QWxpYXNOYW1lIjoiQWNjdCBObyIsIkxhbmd1YWdlIjoiZW4ifV19fQ==,0,0
90,BSB,4,0,0,BSB No,eyJrZXlDb250ZXh0Ijp7IktleUFsaWFzTGlzdCI6W3siS2V5QWxpYXNOYW1lIjoiQlNCIiwiTGFuZ3VhZ2UiOiJlbiJ9XX19,0,0
91,AccName,5,0,0,Account Name,eyJrZXlDb250ZXh0Ijp7IktleUFsaWFzTGlzdCI6W3siS2V5QWxpYXNOYW1lIjoiQWNjdCBOYW1lIiwiTGFuZ3VhZ2UiOiJlbiJ9LHsiS2V5QWxpYXNOYW1lIjoiQWNjb3VudCBOYW1lIiwiTGFuZ3VhZ2UiOiJlbiJ9XX19,0,0
92,SubTotal,4,0,0,Sub Total before tax,eyJrZXlDb250ZXh0Ijp7IktleUFsaWFzTGlzdCI6W3siS2V5QWxpYXNOYW1lIjoiU3ViIFRvdGFsIChScy4pIiwiTGFuZ3VhZ2UiOiJlbiJ9LHsiS2V5QWxpYXNOYW1lIjoiU1VCVE9UQUw6IiwiTGFuZ3VhZ2UiOiJlbiJ9LHsiS2V5QWxpYXNOYW1lIjoiSU5WT0lDRSBUT1RBTCBFWENMVURJTkcgR1NUIiwiTGFuZ3VhZ2UiOiJlbiJ9XX19,0,0
93,Tax,4,0,0,Tac amounts,eyJrZXlDb250ZXh0Ijp7IktleUFsaWFzTGlzdCI6W3siS2V5QWxpYXNOYW1lIjoic2FsZXMgdGF4IiwiTGFuZ3VhZ2UiOiJlbiJ9LHsiS2V5QWxpYXNOYW1lIjoiR1NUIiwiTGFuZ3VhZ2UiOiJlbiJ9XX19,0,0
94,PurchaseNo,4,0,0,Purchase number,eyJrZXlDb250ZXh0Ijp7IktleUFsaWFzTGlzdCI6W3siS2V5QWxpYXNOYW1lIjoiUC5PLiBOdW1iZXIiLCJMYW5ndWFnZSI6ImVuIn0seyJLZXlBbGlhc05hbWUiOiJPcmRlciBOdW1iZXIiLCJMYW5ndWFnZSI6ImVuIn0seyJLZXlBbGlhc05hbWUiOiJPcmRlciAjIiwiTGFuZ3VhZ2UiOiJlbiJ9LHsiS2V5QWxpYXNOYW1lIjoiUHVyY2hhc2UgTmJyIiwiTGFuZ3VhZ2UiOiJlbiJ9LHsiS2V5QWxpYXNOYW1lIjoiUE8gTnVtYmVyIiwiTGFuZ3VhZ2UiOiJlbiJ9XX19,0,0
95,ShipTo,5,0,0,,eyJrZXlDb250ZXh0Ijp7IktleUFsaWFzTGlzdCI6W3siS2V5QWxpYXNOYW1lIjoiU2hpcCBUbzoiLCJMYW5ndWFnZSI6ImVuIn1dfX0=,0,0
96,BranchOffice,5,0,0,Branch Office,eyJrZXlDb250ZXh0Ijp7IktleUFsaWFzTGlzdCI6W3siS2V5QWxpYXNOYW1lIjoiQnJhbmNoIE9mZmljZToiLCJMYW5ndWFnZSI6ImVuIn1dfX0=,0,0
97,IFSCCode,4,0,0,IFSC Code,eyJrZXlDb250ZXh0Ijp7IktleUFsaWFzTGlzdCI6W3siS2V5QWxpYXNOYW1lIjoiSUZTQyBDb2RlIiwiTGFuZ3VhZ2UiOiJlbiJ9XX19,0,0
98,CentralisedBillingAndAccOffice,5,0,0,Centralised Billing and Accounting Office,eyJrZXlDb250ZXh0Ijp7IktleUFsaWFzTGlzdCI6W3siS2V5QWxpYXNOYW1lIjoiQ2VudHJhbGlzZWQgQmlsbGluZyBhbmQgQWNjb3VudGluZyBPZmZpY2U6IiwiTGFuZ3VhZ2UiOiJlbiJ9XX19,0,0
99,ServiceTaxCategory,5,0,0,Service Tax Category,eyJrZXlDb250ZXh0Ijp7IktleUFsaWFzTGlzdCI6W3siS2V5QWxpYXNOYW1lIjoiU2VydmljZSBUYXggQ2F0ZWdvcnk6IiwiTGFuZ3VhZ2UiOiJlbiJ9XX19,0,0
100,ServiceTaxRegnNo,4,0,0,Service Tax Regn No,eyJrZXlDb250ZXh0Ijp7IktleUFsaWFzTGlzdCI6W3siS2V5QWxpYXNOYW1lIjoiU2VydmljZSBUYXggUmVnbiBObzoiLCJMYW5ndWFnZSI6ImVuIn1dfX0=,0,0
101,Branch,5,0,0,Branch,eyJrZXlDb250ZXh0Ijp7IktleUFsaWFzTGlzdCI6W3siS2V5QWxpYXNOYW1lIjoiQnJhbmNoIiwiTGFuZ3VhZ2UiOiJlbiJ9LHsiS2V5QWxpYXNOYW1lIjoiQnJhbmNoOiIsIkxhbmd1YWdlIjoiZW4ifV19fQ==,0,0
168,StartDate,5,0,0,Start Date of Minimum payment period per service component,eyJrZXlDb250ZXh0Ijp7IktleUFsaWFzTGlzdCI6W3siS2V5QWxpYXNOYW1lIjoiU3RhcnQgRGF0ZSBvZiBNaW5pbXVtIHBheW1lbnQgcGVyaW9kIHBlciBzZXJ2aWNlIGNvbXBvbmVudCIsIkxhbmd1YWdlIjoiZW4ifV19fQ==,0,0
169,ZipCode,4,0,0,Zip Code,eyJrZXlDb250ZXh0Ijp7IktleUFsaWFzTGlzdCI6W3siS2V5QWxpYXNOYW1lIjoiWmlwIENvZGUiLCJMYW5ndWFnZSI6ImVuIn0seyJLZXlBbGlhc05hbWUiOiJaaS4gQ29kZToiLCJMYW5ndWFnZSI6ImVuIn1dfX0=,0,0
170,ServiceComponents,5,0,0,Service Components,eyJrZXlDb250ZXh0Ijp7IktleUFsaWFzTGlzdCI6W3siS2V5QWxpYXNOYW1lIjoiU2VydmljZSBDb21wb25lbnRzIiwiTGFuZ3VhZ2UiOiJlbiJ9XX19,0,0
171,ExistingCircuitIds,4,0,0,existing circuit ids,eyJrZXlDb250ZXh0Ijp7IktleUFsaWFzTGlzdCI6W3siS2V5QWxpYXNOYW1lIjoiZXhpc3RpbmcgY2lyY3VpdCBpZHMiLCJMYW5ndWFnZSI6ImVuIn1dfX0=,0,0
172,SignedDate,4,0,0,Signed Date,eyJrZXlDb250ZXh0Ijp7IktleUFsaWFzTGlzdCI6W3siS2V5QWxpYXNOYW1lIjoiRGF0ZSIsIkxhbmd1YWdlIjoiZW4ifV19fQ==,0,0
173,StateProvince,5,0,0,State Province,eyJrZXlDb250ZXh0Ijp7IktleUFsaWFzTGlzdCI6W3siS2V5QWxpYXNOYW1lIjoiU3RhdGUvUHJvdmluY2UiLCJMYW5ndWFnZSI6ImVuIn1dfX0=,0,0
174,Attention,5,0,0,Attention,eyJrZXlDb250ZXh0Ijp7IktleUFsaWFzTGlzdCI6W3siS2V5QWxpYXNOYW1lIjoiQXR0biIsIkxhbmd1YWdlIjoiZW4ifV19fQ==,0,0
175,Country,5,0,0,Country,eyJrZXlDb250ZXh0Ijp7IktleUFsaWFzTGlzdCI6W3siS2V5QWxpYXNOYW1lIjoiQ291bnRyeSIsIkxhbmd1YWdlIjoiZW4ifV19fQ==,0,0
176,ReferenceNo,4,0,0,Reference No,eyJrZXlDb250ZXh0Ijp7IktleUFsaWFzTGlzdCI6W3siS2V5QWxpYXNOYW1lIjoiTUEgUmVmZXJlbmNlIE5vLiIsIkxhbmd1YWdlIjoiZW4ifSx7IktleUFsaWFzTmFtZSI6IkFUJlQgUEEgUmVmZXJlbmNlIE5vLjoiLCJMYW5ndWFnZSI6ImVuIn0seyJLZXlBbGlhc05hbWUiOiJBVCZUIFBTIFJlZmVyZW5jZSBOby46IiwiTGFuZ3VhZ2UiOiJlbiJ9LHsiS2V5QWxpYXNOYW1lIjoiUFMvQ1NBIFJlZmVyZW5jZSBOby4iLCJMYW5ndWFnZSI6ImVuIn1dfX0=,0,0
177,PreExistingContractNo,4,0,0,Pre Existing Contract No,eyJrZXlDb250ZXh0Ijp7IktleUFsaWFzTGlzdCI6W3siS2V5QWxpYXNOYW1lIjoicHJlLWV4aXN0aW5nIENvbnRyYWN0IG5vIChtdXN0IGJlIGluY2x1ZGVkKSIsIkxhbmd1YWdlIjoiZW4ifV19fQ==,0,0
178,AccNo,4,0,0,AccountNumber,eyJrZXlDb250ZXh0Ijp7IktleUFsaWFzTGlzdCI6W3siS2V5QWxpYXNOYW1lIjoiYWNjb3VudCBudW1iZXIiLCJMYW5ndWFnZSI6ImVuIn1dfX0=,0,0
179,PercMonthlyFee,5,0,0,Percentage of Monthly Fee,eyJrZXlDb250ZXh0Ijp7IktleUFsaWFzTGlzdCI6W3siS2V5QWxpYXNOYW1lIjoiQ2FsY3VsYXRpb24gb2YgZWFybHkgdGVybWluYXRpb24gY2hhcmdlcyoiLCJMYW5ndWFnZSI6ImVuIn1dfX0=,0,0
180,Customer,5,0,0,Customer,eyJrZXlDb250ZXh0Ijp7IktleUFsaWFzTGlzdCI6W3siS2V5QWxpYXNOYW1lIjoiQ3VzdG9tZXIiLCJMYW5ndWFnZSI6ImVuIn1dfX0=,0,0
181,SDAcode,4,0,0,SDA code,e30=,0,0
182,ContractIDNo,4,0,0,contract id no,e30=,0,0
183,DS1No,4,0,0,ds1 no,e30=,0,0
184,PRINo,5,0,0,PRI No,e30=,0,0
185,City,5,0,0,City,eyJrZXlDb250ZXh0Ijp7IktleUFsaWFzTGlzdCI6W3siS2V5QWxpYXNOYW1lIjoiQ2l0eSIsIkxhbmd1YWdlIjoiZW4ifV19fQ==,0,0
186,SalesRegion,5,0,0,Sales Region,eyJrZXlDb250ZXh0Ijp7IktleUFsaWFzTGlzdCI6W3siS2V5QWxpYXNOYW1lIjoiU2FsZXMgUmVnaW9uIiwiTGFuZ3VhZ2UiOiJlbiJ9XX19,0,0
187,Name,5,0,0,Name,eyJrZXlDb250ZXh0Ijp7IktleUFsaWFzTGlzdCI6W3siS2V5QWxpYXNOYW1lIjoiTmFtZSIsIkxhbmd1YWdlIjoiZW4ifV19fQ==,0,0
188,Title,5,0,0,Title,eyJrZXlDb250ZXh0Ijp7IktleUFsaWFzTGlzdCI6W3siS2V5QWxpYXNOYW1lIjoiVGl0bGUiLCJMYW5ndWFnZSI6ImVuIn1dfX0=,0,0
189,PricingTerm,5,0,0,Pricing Schedule Term,eyJrZXlDb250ZXh0Ijp7IktleUFsaWFzTGlzdCI6W3siS2V5QWxpYXNOYW1lIjoiUHJpY2luZyBTY2hlZHVsZSBUZXJtIiwiTGFuZ3VhZ2UiOiJlbiJ9XX19,0,0
190,SalesStrata,5,0,0,Sales Strata,eyJrZXlDb250ZXh0Ijp7IktleUFsaWFzTGlzdCI6W3siS2V5QWxpYXNOYW1lIjoiU2FsZXMgU3RyYXRhIiwiTGFuZ3VhZ2UiOiJlbiJ9XX19,0,0
191,SalesBranchManager,5,0,0,Sales Branch Manager,eyJrZXlDb250ZXh0Ijp7IktleUFsaWFzTGlzdCI6W3siS2V5QWxpYXNOYW1lIjoiU2FsZXMgLyBCcmFuY2ggTWFuYWdlciIsIkxhbmd1YWdlIjoiZW4ifSx7IktleUFsaWFzTmFtZSI6IkJyYW5jaCBNYW5hZ2VyOiIsIkxhbmd1YWdlIjoiZW4ifV19fQ==,0,0
192,EmailAddress,5,0,0,Email Address,eyJrZXlDb250ZXh0Ijp7IktleUFsaWFzTGlzdCI6W3siS2V5QWxpYXNOYW1lIjoiRW1haWwiLCJMYW5ndWFnZSI6ImVuIn1dfX0=,0,0
193,TeleFax,4,0,0,Telephone and Fax,eyJrZXlDb250ZXh0Ijp7IktleUFsaWFzTGlzdCI6W3siS2V5QWxpYXNOYW1lIjoiRmF4IiwiTGFuZ3VhZ2UiOiJlbiJ9LHsiS2V5QWxpYXNOYW1lIjoiRXhpc3RpbmcgU2VydmljZSIsIkxhbmd1YWdlIjoiZW4ifSx7IktleUFsaWFzTmFtZSI6IlRlbGVwaG9uZSIsIkxhbmd1YWdlIjoiZW4ifV19fQ==,0,0
194,StreetAddress,5,0,0,Street Address,eyJrZXlDb250ZXh0Ijp7IktleUFsaWFzTGlzdCI6W3siS2V5QWxpYXNOYW1lIjoiU3RyZWV0IEFkZHJlc3MiLCJMYW5ndWFnZSI6ImVuIn1dfX0=,0,0
195,MinPayPeriod,5,0,0,Minimum Payment Period,eyJrZXlDb250ZXh0Ijp7IktleUFsaWFzTGlzdCI6W3siS2V5QWxpYXNOYW1lIjoicGVyIFNlcnZpY2UgQ29tcG9uZW50IiwiTGFuZ3VhZ2UiOiJlbiJ9XX19,0,0
196,ProgramCode,4,0,0,Program Code,eyJrZXlDb250ZXh0Ijp7IktleUFsaWFzTGlzdCI6W3siS2V5QWxpYXNOYW1lIjoiUHJvZ3JhbSBDb2RlIiwiTGFuZ3VhZ2UiOiJlbiJ9XX19,0,0
197,SCVPName,5,0,0,SCVP Name,eyJrZXlDb250ZXh0Ijp7IktleUFsaWFzTGlzdCI6W3siS2V5QWxpYXNOYW1lIjoic2N2cCBuYW1lIiwiTGFuZ3VhZ2UiOiJlbiJ9XX19,0,0
198,RatesForMinPayment,5,0,0,Rates following the end of minimum payment,eyJrZXlDb250ZXh0Ijp7IktleUFsaWFzTGlzdCI6W3siS2V5QWxpYXNOYW1lIjoiUmF0ZXMgZm9sbG93aW5nIHRoZSBlbmQgb2YgbWluaW11bSBwYXltZW50IiwiTGFuZ3VhZ2UiOiJlbiJ9XX19,0,0
199,Branch Transit Number,4,0,1,,eyJrZXlDb250ZXh0Ijp7IktleUFsaWFzTGlzdCI6W3siS2V5QWxpYXNOYW1lIjoiQnJhbmNoIFRyYW5zaXQgTm8uIiwiTGFuZ3VhZ2UiOiJlbiJ9LHsiS2V5QWxpYXNOYW1lIjoiQnJhbmNoIFRyYW5zaXQgTm8uOiIsIkxhbmd1YWdlIjoiZW4ifV19fQ==,0,0
200,RateStabilization,5,0,0,Rate Stabilization per service component,eyJrZXlDb250ZXh0Ijp7IktleUFsaWFzTGlzdCI6W3siS2V5QWxpYXNOYW1lIjoiUmF0ZSBTdGFiaWxpemF0aW9uIHBlciBzZXJ2aWNlIGNvbXBvbmVudCIsIkxhbmd1YWdlIjoiZW4ifV19fQ==,0,0
201,EfffectiveDate,5,0,0,Effective Date of this pricing schedule,eyJrZXlDb250ZXh0Ijp7IktleUFsaWFzTGlzdCI6W3siS2V5QWxpYXNOYW1lIjoiRWZmZWN0aXZlIERhdGUgb2YgdGhpcyBwcmljaW5nIHNjaGVkdWxlIiwiTGFuZ3VhZ2UiOiJlbiJ9XX19,0,0
46,MileageIn,4,0,0,Mileage In,eyJrZXlDb250ZXh0Ijp7IktleUFsaWFzTGlzdCI6W3siS2V5QWxpYXNOYW1lIjoiTWlsZWFnZSBJbiIsIkxhbmd1YWdlIjoiZW4ifV19fQ==,0,0
102,Attention,5,0,0,Attention,eyJrZXlDb250ZXh0Ijp7IktleUFsaWFzTGlzdCI6W3siS2V5QWxpYXNOYW1lIjoiQXR0biIsIkxhbmd1YWdlIjoiZW4ifV19fQ==,0,0
103,DOB,4,0,0,Date of Birth,eyJrZXlDb250ZXh0Ijp7IktleUFsaWFzTGlzdCI6W3siS2V5QWxpYXNOYW1lIjoiRGF0ZSBvZiBCaXJ0aCIsIkxhbmd1YWdlIjoiZW4ifV19fQ==,0,0
104,StartDate,4,0,0,Start Date,eyJrZXlDb250ZXh0Ijp7IktleUFsaWFzTGlzdCI6W3siS2V5QWxpYXNOYW1lIjoiU3RhcnQgRGF0ZSIsIkxhbmd1YWdlIjoiZW4ifV19fQ==,0,0
105,Title,5,0,0,Title,eyJrZXlDb250ZXh0Ijp7IktleUFsaWFzTGlzdCI6W3siS2V5QWxpYXNOYW1lIjoiVGl0bGUiLCJMYW5ndWFnZSI6ImVuIn1dfX0=,0,0
106,PlaceOfBirth,5,0,0,Place of Birth,eyJrZXlDb250ZXh0Ijp7IktleUFsaWFzTGlzdCI6W3siS2V5QWxpYXNOYW1lIjoiUGxhY2Ugb2YgQmlydGgiLCJMYW5ndWFnZSI6ImVuIn1dfX0=,0,0
107,Status,5,0,0,Status,eyJrZXlDb250ZXh0Ijp7IktleUFsaWFzTGlzdCI6W3siS2V5QWxpYXNOYW1lIjoiU3RhdHVzIiwiTGFuZ3VhZ2UiOiJlbiJ9XX19,0,0
108,Employee,5,0,0,Employee,eyJrZXlDb250ZXh0Ijp7IktleUFsaWFzTGlzdCI6W3siS2V5QWxpYXNOYW1lIjoiRW1wbG95ZWUiLCJMYW5ndWFnZSI6ImVuIn1dfX0=,0,0
109,FullName,5,0,0,Full Name,eyJrZXlDb250ZXh0Ijp7IktleUFsaWFzTGlzdCI6W3siS2V5QWxpYXNOYW1lIjoiRnVsbCBOYW1lIiwiTGFuZ3VhZ2UiOiJlbiJ9XX19,0,0
110,Subject,5,0,0,Subject,eyJrZXlDb250ZXh0Ijp7IktleUFsaWFzTGlzdCI6W3siS2V5QWxpYXNOYW1lIjoiU3ViamVjdCIsIkxhbmd1YWdlIjoiZW4ifV19fQ==,0,0
111,AnnualSalary,4,0,0,Annual Salary,eyJrZXlDb250ZXh0Ijp7IktleUFsaWFzTGlzdCI6W3siS2V5QWxpYXNOYW1lIjoiQW5udWFsIFNhbGFyeSIsIkxhbmd1YWdlIjoiZW4ifV19fQ==,0,0
112,Citizenship,5,0,0,Citizenship,eyJrZXlDb250ZXh0Ijp7IktleUFsaWFzTGlzdCI6W3siS2V5QWxpYXNOYW1lIjoiQ2l0aXplbnNoaXAiLCJMYW5ndWFnZSI6ImVuIn1dfX0=,0,0
113,ExpireDate,4,0,0,Expire Date,eyJrZXlDb250ZXh0Ijp7IktleUFsaWFzTGlzdCI6W3siS2V5QWxpYXNOYW1lIjoiRXhwaXJlIERhdGUiLCJMYW5ndWFnZSI6ImVuIn1dfX0=,0,0
114,PassportNo,4,0,0,Passport no,eyJrZXlDb250ZXh0Ijp7IktleUFsaWFzTGlzdCI6W3siS2V5QWxpYXNOYW1lIjoiUGFzc3BvcnQgbm8uIiwiTGFuZ3VhZ2UiOiJlbiJ9XX19,0,0
115,Gender,5,0,0,Gender,eyJrZXlDb250ZXh0Ijp7IktleUFsaWFzTGlzdCI6W3siS2V5QWxpYXNOYW1lIjoiR2VuZGVyIiwiTGFuZ3VhZ2UiOiJlbiJ9XX19,0,0
116,IssueDate,4,0,0,Issue Date,eyJrZXlDb250ZXh0Ijp7IktleUFsaWFzTGlzdCI6W3siS2V5QWxpYXNOYW1lIjoiSXNzdWUgRGF0ZSIsIkxhbmd1YWdlIjoiZW4ifV19fQ==,0,0
117,Smoking Status,5,0,0,,eyJrZXlDb250ZXh0Ijp7IktleUFsaWFzTGlzdCI6W3siS2V5QWxpYXNOYW1lIjoiU21va2luZyBTdGF0dXM6IiwiTGFuZ3VhZ2UiOiJlbiJ9XX19,0,0
118,ServiceDept,5,0,0,Service Department,eyJrZXlDb250ZXh0Ijp7IktleUFsaWFzTGlzdCI6W3siS2V5QWxpYXNOYW1lIjoiU2VydmljZSBEZXB0IiwiTGFuZ3VhZ2UiOiJlbiJ9XX19,0,0
119,PCP,5,0,0,PCP,eyJrZXlDb250ZXh0Ijp7IktleUFsaWFzTGlzdCI6W3siS2V5QWxpYXNOYW1lIjoiUENQIiwiTGFuZ3VhZ2UiOiJlbiJ9XX19,0,0
120,ProgressNotes,5,0,0,Progress Notes,eyJrZXlDb250ZXh0Ijp7IktleUFsaWFzTGlzdCI6W3siS2V5QWxpYXNOYW1lIjoiUHJvZ3Jlc3MgTm90ZXMiLCJMYW5ndWFnZSI6ImVuIn1dfX0=,0,0
121,AppointmentFacility,5,0,0,Appointment Facility,eyJrZXlDb250ZXh0Ijp7IktleUFsaWFzTGlzdCI6W3siS2V5QWxpYXNOYW1lIjoiQXBwb2ludG1lbnQgRmFjaWxpdHkiLCJMYW5ndWFnZSI6ImVuIn1dfX0=,0,0
122,Referring,5,0,0,Referring,eyJrZXlDb250ZXh0Ijp7IktleUFsaWFzTGlzdCI6W3siS2V5QWxpYXNOYW1lIjoiUmVmZXJyaW5nIiwiTGFuZ3VhZ2UiOiJlbiJ9XX19,0,0
123,MedPrimary,5,0,0,med primary,eyJrZXlDb250ZXh0Ijp7IktleUFsaWFzTGlzdCI6W3siS2V5QWxpYXNOYW1lIjoibWVkIHByaW1hcnkiLCJMYW5ndWFnZSI6ImVuIn1dfX0=,0,0
124,Prescription,5,0,0,prescription,eyJrZXlDb250ZXh0Ijp7IktleUFsaWFzTGlzdCI6W3siS2V5QWxpYXNOYW1lIjoicHJlc2NyaXB0aW9uIiwiTGFuZ3VhZ2UiOiJlbiJ9XX19,0,0
125,PrimaryCareProvider,5,0,0,primary care provider,eyJrZXlDb250ZXh0Ijp7IktleUFsaWFzTGlzdCI6W3siS2V5QWxpYXNOYW1lIjoicHJpbWFyeSBjYXJlIHByb3ZpZGVyIiwiTGFuZ3VhZ2UiOiJlbiJ9XX19,0,0
126,Telephone,4,0,0,Telephone,eyJrZXlDb250ZXh0Ijp7IktleUFsaWFzTGlzdCI6W3siS2V5QWxpYXNOYW1lIjoiVGVsZXBob25lIiwiTGFuZ3VhZ2UiOiJlbiJ9LHsiS2V5QWxpYXNOYW1lIjoiUGgiLCJMYW5ndWFnZSI6ImVuIn0seyJLZXlBbGlhc05hbWUiOiJIb3JtZToiLCJMYW5ndWFnZSI6ImVuIn0seyJLZXlBbGlhc05hbWUiOiJIb3JuZToiLCJMYW5ndWFnZSI6ImVuIn1dfX0=,0,0
127,FaxNo,4,0,0,Fax Number,eyJrZXlDb250ZXh0Ijp7IktleUFsaWFzTGlzdCI6W3siS2V5QWxpYXNOYW1lIjoiRmF4IiwiTGFuZ3VhZ2UiOiJlbiJ9XX19,0,0
128,NPI,4,0,0,NPI,eyJrZXlDb250ZXh0Ijp7IktleUFsaWFzTGlzdCI6W3siS2V5QWxpYXNOYW1lIjoiTlBJIiwiTGFuZ3VhZ2UiOiJlbiJ9XX19,0,0
129,FollowUp,5,0,0,Follow Up,eyJrZXlDb250ZXh0Ijp7IktleUFsaWFzTGlzdCI6W3siS2V5QWxpYXNOYW1lIjoiRm9sbG93IFVwIiwiTGFuZ3VhZ2UiOiJlbiJ9LHsiS2V5QWxpYXNOYW1lIjoiQ2xhaW0iLCJMYW5ndWFnZSI6ImVuIn0seyJLZXlBbGlhc05hbWUiOiJEaXZpc2lvbiIsIkxhbmd1YWdlIjoiZW4ifSx7IktleUFsaWFzTmFtZSI6Imxsw6NvbGxvdyBVcCIsIkxhbmd1YWdlIjoiZW4ifV19fQ==,0,0
130,Name,5,0,0,Name,eyJrZXlDb250ZXh0Ijp7IktleUFsaWFzTGlzdCI6W3siS2V5QWxpYXNOYW1lIjoiTmFtZSIsIkxhbmd1YWdlIjoiZW4ifV19fQ==,0,0
131,Diabetes,5,0,0,,eyJrZXlDb250ZXh0Ijp7IktleUFsaWFzTGlzdCI6W3siS2V5QWxpYXNOYW1lIjoiRGlhYmV0ZXMiLCJMYW5ndWFnZSI6ImVuIn1dfX0=,0,0
132,AppointmentDateTime,4,0,0,Appt. Date/Time,eyJrZXlDb250ZXh0Ijp7IktleUFsaWFzTGlzdCI6W3siS2V5QWxpYXNOYW1lIjoiQXBwdC4gRGF0ZS9UaW1lIiwiTGFuZ3VhZ2UiOiJlbiJ9XX19,0,0
133,DOB,4,0,0,Date of Birth,eyJrZXlDb250ZXh0Ijp7IktleUFsaWFzTGlzdCI6W3siS2V5QWxpYXNOYW1lIjoiRE9CIiwiTGFuZ3VhZ2UiOiJlbiJ9XX19,0,0
134,Marital status,5,0,0,,eyJrZXlDb250ZXh0Ijp7IktleUFsaWFzTGlzdCI6W3siS2V5QWxpYXNOYW1lIjoiTWFyaXRhbCBzdGF0dXMiLCJMYW5ndWFnZSI6ImVuIn1dfX0=,0,0
135,Alcohol intake,5,0,0,,eyJrZXlDb250ZXh0Ijp7IktleUFsaWFzTGlzdCI6W3siS2V5QWxpYXNOYW1lIjoiQWxjb2hvbCBpbnRha2UiLCJMYW5ndWFnZSI6ImVuIn1dfX0=,0,0
136,Hypertension,5,0,0,,eyJrZXlDb250ZXh0Ijp7IktleUFsaWFzTGlzdCI6W3siS2V5QWxpYXNOYW1lIjoiSHlwZXJ0ZW5zaW9uIiwiTGFuZ3VhZ2UiOiJlbiJ9XX19,0,0
137,Occupation,5,0,0,,eyJrZXlDb250ZXh0Ijp7IktleUFsaWFzTGlzdCI6W3siS2V5QWxpYXNOYW1lIjoiT2NjdXBhdGlvbiIsIkxhbmd1YWdlIjoiZW4ifV19fQ==,0,0
138,Kidney Stones,5,0,0,,eyJrZXlDb250ZXh0Ijp7IktleUFsaWFzTGlzdCI6W3siS2V5QWxpYXNOYW1lIjoiS2lkbmV5IFN0b25lcyIsIkxhbmd1YWdlIjoiZW4ifV19fQ==,0,0
139,Celebrex,5,0,0,,eyJrZXlDb250ZXh0Ijp7IktleUFsaWFzTGlzdCI6W3siS2V5QWxpYXNOYW1lIjoiQ0VMRUJSRVg6IiwiTGFuZ3VhZ2UiOiJlbiJ9LHsiS2V5QWxpYXNOYW1lIjoiQ8OLTEVCUkVYOiIsIkxhbmd1YWdlIjoiZW4ifSx7IktleUFsaWFzTmFtZSI6IkNFSS5FQlJpPVg6IiwiTGFuZ3VhZ2UiOiJlbiJ9XX19,0,0
140,Employer,5,0,0,,eyJrZXlDb250ZXh0Ijp7IktleUFsaWFzTGlzdCI6W3siS2V5QWxpYXNOYW1lIjoiRW1wbG95ZXIiLCJMYW5ndWFnZSI6ImVuIn1dfX0=,0,0
141,Vitals,5,0,0,,eyJrZXlDb250ZXh0Ijp7IktleUFsaWFzTGlzdCI6W3siS2V5QWxpYXNOYW1lIjoiVml0YWxzIiwiTGFuZ3VhZ2UiOiJlbiJ9XX19,0,0
142,ROS,5,0,0,,eyJrZXlDb250ZXh0Ijp7IktleUFsaWFzTGlzdCI6W3siS2V5QWxpYXNOYW1lIjoiUk9TIiwiTGFuZ3VhZ2UiOiJlbiJ9XX19,0,0
143,Quantity,4,0,0,,eyJrZXlDb250ZXh0Ijp7IktleUFsaWFzTGlzdCI6W3siS2V5QWxpYXNOYW1lIjoiUXR5OiIsIkxhbmd1YWdlIjoiZW4ifV19fQ==,0,0
144,Refills,4,0,0,,eyJrZXlDb250ZXh0Ijp7IktleUFsaWFzTGlzdCI6W3siS2V5QWxpYXNOYW1lIjoiUmVmaWxsczoiLCJMYW5ndWFnZSI6ImVuIn1dfX0=,0,0
145,BodyMassIndex,4,0,0,Body Mass Index (BMI),eyJrZXlDb250ZXh0Ijp7IktleUFsaWFzTGlzdCI6W3siS2V5QWxpYXNOYW1lIjoiQk1JIiwiTGFuZ3VhZ2UiOiJlbiJ9XX19,0,0
146,Weight,4,0,0,,eyJrZXlDb250ZXh0Ijp7IktleUFsaWFzTGlzdCI6W3siS2V5QWxpYXNOYW1lIjoiV3QiLCJMYW5ndWFnZSI6ImVuIn1dfX0=,0,0
147,EncounterDate,4,0,0,Encounter Date,eyJrZXlDb250ZXh0Ijp7IktleUFsaWFzTGlzdCI6W3siS2V5QWxpYXNOYW1lIjoiRW5jb3VudGVyIERhdGUiLCJMYW5ndWFnZSI6ImVuIn1dfX0=,0,0
148,Provider,5,0,0,Provider,eyJrZXlDb250ZXh0Ijp7IktleUFsaWFzTGlzdCI6W3siS2V5QWxpYXNOYW1lIjoiUHJvdmlkZXIiLCJMYW5ndWFnZSI6ImVuIn1dfX0=,0,0
149,Insurance,5,0,0,Insurance,eyJrZXlDb250ZXh0Ijp7IktleUFsaWFzTGlzdCI6W3siS2V5QWxpYXNOYW1lIjoiSW5zdXJhbmNlIiwiTGFuZ3VhZ2UiOiJlbiJ9XX19,0,0
150,Client,5,0,0,Client,eyJrZXlDb250ZXh0Ijp7IktleUFsaWFzTGlzdCI6W3siS2V5QWxpYXNOYW1lIjoiQ2xpZW50IiwiTGFuZ3VhZ2UiOiJlbiJ9LHsiS2V5QWxpYXNOYW1lIjoiQ2xpZW50IE5hbWUiLCJMYW5ndWFnZSI6ImVuIn1dfX0=,0,0
151,InvestigatingAgency,5,0,0,Investigating Agency,eyJrZXlDb250ZXh0Ijp7IktleUFsaWFzTGlzdCI6W3siS2V5QWxpYXNOYW1lIjoiSW52ZXN0aWdhdGluZyBBZ2VuY3kiLCJMYW5ndWFnZSI6ImVuIn1dfX0=,0,0
152,County,5,0,0,County,eyJrZXlDb250ZXh0Ijp7IktleUFsaWFzTGlzdCI6W3siS2V5QWxpYXNOYW1lIjoiQ291bnR5IiwiTGFuZ3VhZ2UiOiJlbiJ9XX19,0,0
153,Parties,5,0,0,Parties,eyJrZXlDb250ZXh0Ijp7IktleUFsaWFzTGlzdCI6W3siS2V5QWxpYXNOYW1lIjoiUEFSVFkgMToiLCJMYW5ndWFnZSI6ImVuIn1dfX0=,0,0
154,TransactionNo,4,0,0,Transaction Number,eyJrZXlDb250ZXh0Ijp7IktleUFsaWFzTGlzdCI6W3siS2V5QWxpYXNOYW1lIjoiVHJhbnNhY3Rpb24gIyIsIkxhbmd1YWdlIjoiZW4ifV19fQ==,0,0
155,Date,4,0,0,Date,eyJrZXlDb250ZXh0Ijp7IktleUFsaWFzTGlzdCI6W3siS2V5QWxpYXNOYW1lIjoiRGF0ZSIsIkxhbmd1YWdlIjoiZW4ifV19fQ==,0,0
156,TimeofLoss,4,0,0,Time of Loss,eyJrZXlDb250ZXh0Ijp7IktleUFsaWFzTGlzdCI6W3siS2V5QWxpYXNOYW1lIjoiVElNRSBPRiBMT1NTOiIsIkxhbmd1YWdlIjoiZW4ifV19fQ==,0,0
157,ClaimNo,4,0,0,Claim Number,eyJrZXlDb250ZXh0Ijp7IktleUFsaWFzTGlzdCI6W3siS2V5QWxpYXNOYW1lIjoiQ2xhaW0iLCJMYW5ndWFnZSI6ImVuIn0seyJLZXlBbGlhc05hbWUiOiJDbGFpbSBObyIsIkxhbmd1YWdlIjoiZW4ifV19fQ==,0,0
158,State,5,0,0,State,eyJrZXlDb250ZXh0Ijp7IktleUFsaWFzTGlzdCI6W3siS2V5QWxpYXNOYW1lIjoiU3RhdGUiLCJMYW5ndWFnZSI6ImVuIn1dfX0=,0,0
159,DateOfLoss,4,0,0,Date Of Loss,eyJrZXlDb250ZXh0Ijp7IktleUFsaWFzTGlzdCI6W3siS2V5QWxpYXNOYW1lIjoiRGF0ZSBPZiBMb3NzIiwiTGFuZ3VhZ2UiOiJlbiJ9XX19,0,0
160,DriverLicense,4,0,0,Driver License No,eyJrZXlDb250ZXh0Ijp7IktleUFsaWFzTGlzdCI6W3siS2V5QWxpYXNOYW1lIjoiRHJpdmVyIExpY2Vuc2UiLCJMYW5ndWFnZSI6ImVuIn1dfX0=,0,0
161,Street,5,0,0,Street,eyJrZXlDb250ZXh0Ijp7IktleUFsaWFzTGlzdCI6W3siS2V5QWxpYXNOYW1lIjoiU3RyZWV0IiwiTGFuZ3VhZ2UiOiJlbiJ9XX19,0,0
162,Division,5,0,0,Division,eyJrZXlDb250ZXh0Ijp7IktleUFsaWFzTGlzdCI6W3siS2V5QWxpYXNOYW1lIjoiRElWSVNJT046IiwiTGFuZ3VhZ2UiOiJlbiJ9LHsiS2V5QWxpYXNOYW1lIjoiRGl2aXNpb24gQ29kZSIsIkxhbmd1YWdlIjoiZW4ifV19fQ==,0,0
163,Adjuster,5,0,0,Adjuster,eyJrZXlDb250ZXh0Ijp7IktleUFsaWFzTGlzdCI6W3siS2V5QWxpYXNOYW1lIjoiQURKVVNURVI6IiwiTGFuZ3VhZ2UiOiJlbiJ9XX19,0,0
164,ReportNumber,4,0,0,Report Number,eyJrZXlDb250ZXh0Ijp7IktleUFsaWFzTGlzdCI6W3siS2V5QWxpYXNOYW1lIjoiUmVwb3J0IE51bWJlciIsIkxhbmd1YWdlIjoiZW4ifV19fQ==,0,0
165,ReportType,5,0,0,Report Type,eyJrZXlDb250ZXh0Ijp7IktleUFsaWFzTGlzdCI6W3siS2V5QWxpYXNOYW1lIjoiUmVwb3J0IFR5cGUiLCJMYW5ndWFnZSI6ImVuIn1dfX0=,0,0
166,Tag,5,0,0,Tag,eyJrZXlDb250ZXh0Ijp7IktleUFsaWFzTGlzdCI6W3siS2V5QWxpYXNOYW1lIjoiVGFnIiwiTGFuZ3VhZ2UiOiJlbiJ9XX19,0,0
167,City,5,0,0,City,eyJrZXlDb250ZXh0Ijp7IktleUFsaWFzTGlzdCI6W3siS2V5QWxpYXNOYW1lIjoiQ2l0eSIsIkxhbmd1YWdlIjoiZW4ifV19fQ==,0,0
1,InvestmentName,5,1,0,,e30=,0,0
2,InvestorName,5,1,0,,e30=,0,0
3,CapBalance,4,1,0,,eyJrZXlDb250ZXh0Ijp7IktleUFsaWFzTGlzdCI6W3siS2V5QWxpYXNOYW1lIjoiQ2FwaXRhbCBCYWxhbmNlIiwiTGFuZ3VhZ2UiOiJlbiJ9LHsiS2V5QWxpYXNOYW1lIjoiYW1vdW50IiwiTGFuZ3VhZ2UiOiJlbiJ9LHsiS2V5QWxpYXNOYW1lIjoiY2FwaXRhbCIsIkxhbmd1YWdlIjoiZW4ifSx7IktleUFsaWFzTmFtZSI6ImJhbGFuY2UiLCJMYW5ndWFnZSI6ImVuIn1dfX0=,0,0
4,FundAsOfDate,4,1,0,,eyJrZXlDb250ZXh0Ijp7IktleUFsaWFzTGlzdCI6W3siS2V5QWxpYXNOYW1lIjoiRnVuZCBhcyBvZiBkYXRlIiwiTGFuZ3VhZ2UiOiJlbiJ9LHsiS2V5QWxpYXNOYW1lIjoicGVyaW9kIGVuZCBkYXRlIiwiTGFuZ3VhZ2UiOiJlbiJ9XX19,0,0
5,IssuedDate,4,0,0,Issued Date,eyJrZXlDb250ZXh0Ijp7IktleUFsaWFzTGlzdCI6W3siS2V5QWxpYXNOYW1lIjoiSXNzdWVkIERhdGUiLCJMYW5ndWFnZSI6ImVuIn1dfX0=,0,0
6,IssuedAt,5,0,0,Issued At,eyJrZXlDb250ZXh0Ijp7IktleUFsaWFzTGlzdCI6W3siS2V5QWxpYXNOYW1lIjoiSXNzdWVkIEF0IiwiTGFuZ3VhZ2UiOiJlbiJ9XX19,0,0
7,Master,5,0,0,Master/Captain,eyJrZXlDb250ZXh0Ijp7IktleUFsaWFzTGlzdCI6W3siS2V5QWxpYXNOYW1lIjoiTWFzdGVyIiwiTGFuZ3VhZ2UiOiJlbiJ9XX19,0,0
8,Shipper,5,0,0,Shipper,eyJrZXlDb250ZXh0Ijp7IktleUFsaWFzTGlzdCI6W3siS2V5QWxpYXNOYW1lIjoiU2hpcHBlciIsIkxhbmd1YWdlIjoiZW4ifV19fQ==,0,0
9,BLNo,5,0,0,Bill of Lading number,eyJrZXlDb250ZXh0Ijp7IktleUFsaWFzTGlzdCI6W3siS2V5QWxpYXNOYW1lIjoiQkwgTk86IiwiTGFuZ3VhZ2UiOiJlbiJ9XX19,0,0
10,Flag,5,0,0,Flag,eyJrZXlDb250ZXh0Ijp7IktleUFsaWFzTGlzdCI6W3siS2V5QWxpYXNOYW1lIjoiRmxhZyIsIkxhbmd1YWdlIjoiZW4ifV19fQ==,0,0
11,Consignee,5,0,0,Consignee,eyJrZXlDb250ZXh0Ijp7IktleUFsaWFzTGlzdCI6W3siS2V5QWxpYXNOYW1lIjoiQ29uc2lnbmVlIiwiTGFuZ3VhZ2UiOiJlbiJ9LHsiS2V5QWxpYXNOYW1lIjoiQ29uc2lnbmVlOiIsIkxhbmd1YWdlIjoiZW4ifV19fQ==,0,0
12,VoyageNo,4,0,0,Voyage No,eyJrZXlDb250ZXh0Ijp7IktleUFsaWFzTGlzdCI6W3siS2V5QWxpYXNOYW1lIjoiVm95YWdlIE5vIiwiTGFuZ3VhZ2UiOiJlbiJ9XX19,0,0
13,NotifyParty,5,0,0,Notify Party,eyJrZXlDb250ZXh0Ijp7IktleUFsaWFzTGlzdCI6W3siS2V5QWxpYXNOYW1lIjoiTm90aWZ5IFBhcnR5IiwiTGFuZ3VhZ2UiOiJlbiJ9XX19,0,0
14,OnboardTanker,5,0,0,OnboardTanker,eyJrZXlDb250ZXh0Ijp7IktleUFsaWFzTGlzdCI6W3siS2V5QWxpYXNOYW1lIjoiT24gYm9hcmQgdGhlIFRhbmtlciIsIkxhbmd1YWdlIjoiZW4ifV19fQ==,0,0
15,LoadingPort,5,0,0,Loading Port,eyJrZXlDb250ZXh0Ijp7IktleUFsaWFzTGlzdCI6W3siS2V5QWxpYXNOYW1lIjoiTG9hZGluZyBQb3J0IiwiTGFuZ3VhZ2UiOiJlbiJ9XX19,0,0
16,DeliveryPort,5,0,0,Delivery Port,eyJrZXlDb250ZXh0Ijp7IktleUFsaWFzTGlzdCI6W3siS2V5QWxpYXNOYW1lIjoiVG8gYmUgZGVsaXZlcmVkIHRvIHRoZSBwb3J0IG9mIiwiTGFuZ3VhZ2UiOiJlbiJ9XX19,0,0
17,Adjuster,5,0,0,Adjuster,eyJrZXlDb250ZXh0Ijp7IktleUFsaWFzTGlzdCI6W3siS2V5QWxpYXNOYW1lIjoiQWRqdXN0ZXIiLCJMYW5ndWFnZSI6ImVuIn1dfX0=,0,0
18,WrittenBy,5,0,0,Written By,eyJrZXlDb250ZXh0Ijp7IktleUFsaWFzTGlzdCI6W3siS2V5QWxpYXNOYW1lIjoiV3JpdHRlbiBCeSIsIkxhbmd1YWdlIjoiZW4ifV19fQ==,0,0
19,ClaimNo,4,0,0,Claim No,eyJrZXlDb250ZXh0Ijp7IktleUFsaWFzTGlzdCI6W3siS2V5QWxpYXNOYW1lIjoiQ2xhaW0gIyIsIkxhbmd1YWdlIjoiZW4ifV19fQ==,0,0
20,GrandTotal,4,0,0,Grand Total,eyJrZXlDb250ZXh0Ijp7IktleUFsaWFzTGlzdCI6W3siS2V5QWxpYXNOYW1lIjoiR3JhbmQgVG90YWwiLCJMYW5ndWFnZSI6ImVuIn1dfX0=,0,0
21,VehicleOut,5,0,0,Vehicle Out,eyJrZXlDb250ZXh0Ijp7IktleUFsaWFzTGlzdCI6W3siS2V5QWxpYXNOYW1lIjoiVmVoaWNsZSBPdXQiLCJMYW5ndWFnZSI6ImVuIn1dfX0=,0,0
22,TypeOfLoss,5,0,0,Type of Loss,eyJrZXlDb250ZXh0Ijp7IktleUFsaWFzTGlzdCI6W3siS2V5QWxpYXNOYW1lIjoiVHlwZSBvZiBMb3NzIiwiTGFuZ3VhZ2UiOiJlbiJ9XX19,0,0
23,Insured,5,0,0,Insured,eyJrZXlDb250ZXh0Ijp7IktleUFsaWFzTGlzdCI6W3siS2V5QWxpYXNOYW1lIjoiSW5zdXJlZCIsIkxhbmd1YWdlIjoiZW4ifV19fQ==,0,0
24,PolicyNo,4,0,0,Policy no,eyJrZXlDb250ZXh0Ijp7IktleUFsaWFzTGlzdCI6W3siS2V5QWxpYXNOYW1lIjoiUG9saWN5ICMiLCJMYW5ndWFnZSI6ImVuIn1dfX0=,0,0
25,Fax,4,0,0,Fax,eyJrZXlDb250ZXh0Ijp7IktleUFsaWFzTGlzdCI6W3siS2V5QWxpYXNOYW1lIjoiRmF4IiwiTGFuZ3VhZ2UiOiJlbiJ9XX19,0,0
26,WorkfileID,4,0,0,Workfile ID,eyJrZXlDb250ZXh0Ijp7IktleUFsaWFzTGlzdCI6W3siS2V5QWxpYXNOYW1lIjoiV29ya2ZpbGUgSUQiLCJMYW5ndWFnZSI6ImVuIn1dfX0=,0,0
27,Telephone,4,0,0,Telephone,eyJrZXlDb250ZXh0Ijp7IktleUFsaWFzTGlzdCI6W3siS2V5QWxpYXNOYW1lIjoiUGhvbmUiLCJMYW5ndWFnZSI6ImVuIn1dfX0=,0,0
28,DaysToRepair,4,0,0,Days to Repair,eyJrZXlDb250ZXh0Ijp7IktleUFsaWFzTGlzdCI6W3siS2V5QWxpYXNOYW1lIjoiRGF5cyB0byBSZXBhaXIiLCJMYW5ndWFnZSI6ImVuIn1dfX0=,0,0
29,CUSTOMERPAY,4,0,0,CUSTOMER PAY,eyJrZXlDb250ZXh0Ijp7IktleUFsaWFzTGlzdCI6W3siS2V5QWxpYXNOYW1lIjoiQ1VTVE9NRVIgUEFZIiwiTGFuZ3VhZ2UiOiJlbiJ9XX19,0,0
30,Subtotal,4,0,0,Subtotal,eyJrZXlDb250ZXh0Ijp7IktleUFsaWFzTGlzdCI6W3siS2V5QWxpYXNOYW1lIjoiU3VidG90YWwiLCJMYW5ndWFnZSI6ImVuIn1dfX0=,0,0
31,INSURANCEPAY,4,0,0,INSURANCE PAY,eyJrZXlDb250ZXh0Ijp7IktleUFsaWFzTGlzdCI6W3siS2V5QWxpYXNOYW1lIjoiSU5TVVJBTkNFIFBBWSIsIkxhbmd1YWdlIjoiZW4ifV19fQ==,0,0
32,Condition,5,0,0,Condition,eyJrZXlDb250ZXh0Ijp7IktleUFsaWFzTGlzdCI6W3siS2V5QWxpYXNOYW1lIjoiQ29uZGl0aW9uIiwiTGFuZ3VhZ2UiOiJlbiJ9XX19,0,0
33,JobNo,4,0,0,Jon no,eyJrZXlDb250ZXh0Ijp7IktleUFsaWFzTGlzdCI6W3siS2V5QWxpYXNOYW1lIjoiSm9iICMiLCJMYW5ndWFnZSI6ImVuIn1dfX0=,0,0
34,ProductionDate,4,0,0,Production Date,eyJrZXlDb250ZXh0Ijp7IktleUFsaWFzTGlzdCI6W3siS2V5QWxpYXNOYW1lIjoiUHJvZHVjdGlvbiBEYXRlIiwiTGFuZ3VhZ2UiOiJlbiJ9XX19,0,0
35,State,5,0,0,State,eyJrZXlDb250ZXh0Ijp7IktleUFsaWFzTGlzdCI6W3siS2V5QWxpYXNOYW1lIjoiU3RhdGUiLCJMYW5ndWFnZSI6ImVuIn1dfX0=,0,0
36,FederalID,4,0,0,Federal ID,eyJrZXlDb250ZXh0Ijp7IktleUFsaWFzTGlzdCI6W3siS2V5QWxpYXNOYW1lIjoiRmVkZXJhbCBJRCIsIkxhbmd1YWdlIjoiZW4ifV19fQ==,0,0
37,MileageOut,5,0,0,Mileage Out,eyJrZXlDb250ZXh0Ijp7IktleUFsaWFzTGlzdCI6W3siS2V5QWxpYXNOYW1lIjoiTWlsZWFnZSBPdXQiLCJMYW5ndWFnZSI6ImVuIn1dfX0=,0,0
38,RONumber,4,0,0,RO Number,eyJrZXlDb250ZXh0Ijp7IktleUFsaWFzTGlzdCI6W3siS2V5QWxpYXNOYW1lIjoiUk8gTnVtYmVyIiwiTGFuZ3VhZ2UiOiJlbiJ9XX19,0,0
39,Deductible,4,0,0,Deductible,eyJrZXlDb250ZXh0Ijp7IktleUFsaWFzTGlzdCI6W3siS2V5QWxpYXNOYW1lIjoiRGVkdWN0aWJsZSIsIkxhbmd1YWdlIjoiZW4ifV19fQ==,0,0
40,License,5,0,0,License,eyJrZXlDb250ZXh0Ijp7IktleUFsaWFzTGlzdCI6W3siS2V5QWxpYXNOYW1lIjoiTGljZW5zZSIsIkxhbmd1YWdlIjoiZW4ifV19fQ==,0,0
41,VIN,4,0,0,VIN,eyJrZXlDb250ZXh0Ijp7IktleUFsaWFzTGlzdCI6W3siS2V5QWxpYXNOYW1lIjoiVklOIiwiTGFuZ3VhZ2UiOiJlbiJ9XX19,0,0
42,PointOfImpact,5,0,0,Point of Impact,eyJrZXlDb250ZXh0Ijp7IktleUFsaWFzTGlzdCI6W3siS2V5QWxpYXNOYW1lIjoiUG9pbnQgb2YgSW1wYWN0IiwiTGFuZ3VhZ2UiOiJlbiJ9XX19,0,0
43,DateOfLoss,4,0,0,Date of Loss,eyJrZXlDb250ZXh0Ijp7IktleUFsaWFzTGlzdCI6W3siS2V5QWxpYXNOYW1lIjoiRGF0ZSBvZiBMb3NzOiIsIkxhbmd1YWdlIjoiZW4ifSx7IktleUFsaWFzTmFtZSI6IkRhdGUgT2YgTG9zcyIsIkxhbmd1YWdlIjoiZW4ifV19fQ==,0,0
44,InspectionLocation,5,0,0,Inspection Location,eyJrZXlDb250ZXh0Ijp7IktleUFsaWFzTGlzdCI6W3siS2V5QWxpYXNOYW1lIjoiSW5zcGVjdGlvbiBMb2NhdGlvbjoiLCJMYW5ndWFnZSI6ImVuIn1dfX0=,0,0
45,Owner,5,0,0,Owner,eyJrZXlDb250ZXh0Ijp7IktleUFsaWFzTGlzdCI6W3siS2V5QWxpYXNOYW1lIjoiT3duZXI6IiwiTGFuZ3VhZ2UiOiJlbiJ9XX19,0,0
